official_full,first,middle,last,birthday,gender,start,end,state,district,party,state_district
Robert B. Aderholt,Robert,B.,Aderholt,1965-07-22,M,2013-01-03,2015-01-03,AL,4,Republican,AL-4
Rodney Alexander,Rodney,M.,Alexander,1946-12-05,M,2013-01-03,2015-01-03,LA,5,Republican,LA-5
Justin Amash,Justin,,Amash,1980-04-18,M,2013-01-03,2015-01-03,MI,3,Republican,MI-3
Robert E. Andrews,Robert,E.,Andrews,1957-08-04,M,2013-01-03,2015-01-03,NJ,1,Democrat,NJ-1
Michele Bachmann,Michele,Marie,Bachmann,1956-04-06,F,2013-01-03,2015-01-03,MN,6,Republican,MN-6
Spencer Bachus,Spencer,Thomas,Bachus,1947-12-28,M,2013-01-03,2015-01-03,AL,6,Republican,AL-6
Lou Barletta,Lou,,Barletta,1956-01-28,M,2013-01-03,2015-01-03,PA,11,Republican,PA-11
John Barrow,John,,Barrow,1955-10-31,M,2013-01-03,2015-01-03,GA,12,Democrat,GA-12
Joe Barton,Joe,Linus,Barton,1949-09-15,M,2013-01-03,2015-01-03,TX,6,Republican,TX-6
Karen Bass,Karen,,Bass,1953-10-03,F,2013-01-03,2015-01-03,CA,37,Democrat,CA-37
Xavier Becerra,Xavier,,Becerra,1958-01-26,M,2013-01-03,2015-01-03,CA,34,Democrat,CA-34
Dan Benishek,Dan,,Benishek,1952-04-20,M,2013-01-03,2015-01-03,MI,1,Republican,MI-1
Gus M. Bilirakis,Gus,M.,Bilirakis,1963-02-08,M,2013-01-03,2015-01-03,FL,12,Republican,FL-12
Rob Bishop,Rob,,Bishop,1951-07-13,M,2013-01-03,2015-01-03,UT,1,Republican,UT-1
Sanford D. Bishop Jr.,Sanford,D.,Bishop,1947-02-04,M,2013-01-03,2015-01-03,GA,2,Democrat,GA-2
Timothy H. Bishop,Timothy,H.,Bishop,1950-06-01,M,2013-01-03,2015-01-03,NY,1,Democrat,NY-1
Diane Black,Diane,,Black,1951-01-16,F,2013-01-03,2015-01-03,TN,6,Republican,TN-6
Marsha Blackburn,Marsha,W.,Blackburn,1952-06-06,F,2013-01-03,2015-01-03,TN,7,Republican,TN-7
Earl Blumenauer,Earl,,Blumenauer,1948-08-16,M,2013-01-03,2015-01-03,OR,3,Democrat,OR-3
John A. Boehner,John,A.,Boehner,1949-11-17,M,2013-01-03,2015-01-03,OH,8,Republican,OH-8
Madeleine Z. Bordallo,Madeleine,Z.,Bordallo,1933-05-31,F,2013-01-03,2015-01-03,GU,0,Democrat,GU-0
Charles W. Boustany Jr.,Charles,W.,Boustany,1956-02-21,M,2013-01-03,2015-01-03,LA,3,Republican,LA-3
Kevin Brady,Kevin,P.,Brady,1955-04-11,M,2013-01-03,2015-01-03,TX,8,Republican,TX-8
Robert A. Brady,Robert,A.,Brady,1945-04-07,M,2013-01-03,2015-01-03,PA,1,Democrat,PA-1
Bruce L. Braley,Bruce,L.,Braley,1957-10-30,M,2013-01-03,2015-01-03,IA,1,Democrat,IA-1
Mo Brooks,Mo,,Brooks,1954-04-29,M,2013-01-03,2015-01-03,AL,5,Republican,AL-5
Paul C. Broun,Paul,C.,Broun,1946-05-14,M,2013-01-03,2015-01-03,GA,10,Republican,GA-10
Corrine Brown,Corrine,,Brown,1946-11-11,F,2013-01-03,2015-01-03,FL,5,Democrat,FL-5
Vern Buchanan,Vern,,Buchanan,1951-05-08,M,2013-01-03,2015-01-03,FL,16,Republican,FL-16
Larry Bucshon,Larry,,Bucshon,1962-05-31,M,2013-01-03,2015-01-03,IN,8,Republican,IN-8
Michael C. Burgess,Michael,C.,Burgess,1950-12-23,M,2013-01-03,2015-01-03,TX,26,Republican,TX-26
G. K. Butterfield,George,Kenneth,Butterfield,1947-04-27,M,2013-01-03,2015-01-03,NC,1,Democrat,NC-1
Ken Calvert,Ken,S.,Calvert,1953-06-08,M,2013-01-03,2015-01-03,CA,42,Republican,CA-42
Dave Camp,Dave,Lee,Camp,1953-07-09,M,2013-01-03,2015-01-03,MI,4,Republican,MI-4
John Campbell,John,Bayard Taylor,Campbell,1955-07-19,M,2013-01-03,2015-01-03,CA,45,Republican,CA-45
Eric Cantor,Eric,I.,Cantor,1963-06-06,M,2013-01-03,2015-01-03,VA,7,Republican,VA-7
Shelley Moore Capito,Shelley,Moore,Capito,1953-11-26,F,2013-01-03,2015-01-03,WV,2,Republican,WV-2
Lois Capps,Lois,,Capps,1938-01-10,F,2013-01-03,2015-01-03,CA,24,Democrat,CA-24
Michael E. Capuano,Michael,E.,Capuano,1952-01-09,M,2013-01-03,2015-01-03,MA,7,Democrat,MA-7
John C. Carney Jr.,John,C.,Carney,1956-05-20,M,2013-01-03,2015-01-03,DE,0,Democrat,DE-0
André Carson,André,,Carson,1974-10-16,M,2013-01-03,2015-01-03,IN,7,Democrat,IN-7
John R. Carter,John,R.,Carter,1941-11-06,M,2013-01-03,2015-01-03,TX,31,Republican,TX-31
Bill Cassidy,Bill,,Cassidy,1957-09-28,M,2013-01-03,2015-01-03,LA,6,Republican,LA-6
Kathy Castor,Kathy,,Castor,1966-08-20,F,2013-01-03,2015-01-03,FL,14,Democrat,FL-14
Steve Chabot,Steve,J.,Chabot,1953-01-22,M,2013-01-03,2015-01-03,OH,1,Republican,OH-1
Jason Chaffetz,Jason,,Chaffetz,1967-03-26,M,2013-01-03,2015-01-03,UT,3,Republican,UT-3
Donna M. Christensen,Donna,M.,Christensen,1945-09-19,F,2013-01-03,2015-01-03,VI,0,Democrat,VI-0
Judy Chu,Judy,M.,Chu,1953-07-07,F,2013-01-03,2015-01-03,CA,27,Democrat,CA-27
David N. Cicilline,David,N.,Cicilline,1961-07-15,M,2013-01-03,2015-01-03,RI,1,Democrat,RI-1
Yvette D. Clarke,Yvette,D.,Clarke,1964-11-21,F,2013-01-03,2015-01-03,NY,9,Democrat,NY-9
Wm. Lacy Clay,Wm.,Lacy,Clay,1956-07-27,M,2013-01-03,2015-01-03,MO,1,Democrat,MO-1
Emanuel Cleaver,Emanuel,,Cleaver,1944-10-26,M,2013-01-03,2015-01-03,MO,5,Democrat,MO-5
James E. Clyburn,James,E.,Clyburn,1940-07-21,M,2013-01-03,2015-01-03,SC,6,Democrat,SC-6
Howard Coble,Howard,,Coble,1931-03-18,M,2013-01-03,2015-01-03,NC,6,Republican,NC-6
Mike Coffman,Mike,,Coffman,1955-03-19,M,2013-01-03,2015-01-03,CO,6,Republican,CO-6
Steve Cohen,Steve,,Cohen,1949-05-24,M,2013-01-03,2015-01-03,TN,9,Democrat,TN-9
Tom Cole,Tom,,Cole,1949-04-28,M,2013-01-03,2015-01-03,OK,4,Republican,OK-4
K. Michael Conaway,K.,Michael,Conaway,1948-06-11,M,2013-01-03,2015-01-03,TX,11,Republican,TX-11
Gerald E. Connolly,Gerald,E.,Connolly,1950-03-30,M,2013-01-03,2015-01-03,VA,11,Democrat,VA-11
John Conyers Jr.,John,,Conyers,1929-05-16,M,2013-01-03,2015-01-03,MI,13,Democrat,MI-13
Jim Cooper,Jim,,Cooper,1954-06-19,M,2013-01-03,2015-01-03,TN,5,Democrat,TN-5
Jim Costa,Jim,,Costa,1952-04-13,M,2013-01-03,2015-01-03,CA,16,Democrat,CA-16
Joe Courtney,Joe,,Courtney,1953-04-06,M,2013-01-03,2015-01-03,CT,2,Democrat,CT-2
"Eric A. ""Rick"" Crawford",Eric,A.,Crawford,1966-01-22,M,2013-01-03,2015-01-03,AR,1,Republican,AR-1
Ander Crenshaw,Ander,,Crenshaw,1944-09-01,M,2013-01-03,2015-01-03,FL,4,Republican,FL-4
Joseph Crowley,Joseph,,Crowley,1962-03-16,M,2013-01-03,2015-01-03,NY,14,Democrat,NY-14
Henry Cuellar,Henry,,Cuellar,1955-09-19,M,2013-01-03,2015-01-03,TX,28,Democrat,TX-28
John Abney Culberson,John,Abney,Culberson,1956-08-24,M,2013-01-03,2015-01-03,TX,7,Republican,TX-7
Elijah E. Cummings,Elijah,E.,Cummings,1951-01-18,M,2013-01-03,2015-01-03,MD,7,Democrat,MD-7
Danny K. Davis,Danny,K.,Davis,1941-09-06,M,2013-01-03,2015-01-03,IL,7,Democrat,IL-7
Susan A. Davis,Susan,A.,Davis,1944-04-13,F,2013-01-03,2015-01-03,CA,53,Democrat,CA-53
Peter A. DeFazio,Peter,A.,DeFazio,1947-05-27,M,2013-01-03,2015-01-03,OR,4,Democrat,OR-4
Diana DeGette,Diana,L.,DeGette,1957-07-29,F,2013-01-03,2015-01-03,CO,1,Democrat,CO-1
Rosa L. DeLauro,Rosa,L.,DeLauro,1943-03-02,F,2013-01-03,2015-01-03,CT,3,Democrat,CT-3
Jeff Denham,Jeff,,Denham,1967-07-29,M,2013-01-03,2015-01-03,CA,10,Republican,CA-10
Charles W. Dent,Charles,W.,Dent,1960-05-24,M,2013-01-03,2015-01-03,PA,15,Republican,PA-15
Scott DesJarlais,Scott,,DesJarlais,1964-02-21,M,2013-01-03,2015-01-03,TN,4,Republican,TN-4
Theodore E. Deutch,Theodore,E.,Deutch,1966-05-07,M,2013-01-03,2015-01-03,FL,21,Democrat,FL-21
Mario Diaz-Balart,Mario,,Diaz-Balart,1961-09-25,M,2013-01-03,2015-01-03,FL,25,Republican,FL-25
John D. Dingell,John,D.,Dingell,1926-07-08,M,2013-01-03,2015-01-03,MI,12,Democrat,MI-12
Lloyd Doggett,Lloyd,A.,Doggett,1946-10-06,M,2013-01-03,2015-01-03,TX,35,Democrat,TX-35
Michael F. Doyle,Michael,F.,Doyle,1953-08-05,M,2013-01-03,2015-01-03,PA,14,Democrat,PA-14
Sean P. Duffy,Sean,P.,Duffy,1971-10-03,M,2013-01-03,2015-01-03,WI,7,Republican,WI-7
Jeff Duncan,Jeff,,Duncan,1966-01-07,M,2013-01-03,2015-01-03,SC,3,Republican,SC-3
John J. Duncan Jr.,John,J.,Duncan,1947-07-21,M,2013-01-03,2015-01-03,TN,2,Republican,TN-2
Donna F. Edwards,Donna,F.,Edwards,1958-06-28,F,2013-01-03,2015-01-03,MD,4,Democrat,MD-4
Keith Ellison,Keith,Maurice,Ellison,1963-08-04,M,2013-01-03,2015-01-03,MN,5,Democrat,MN-5
Renee L. Ellmers,Renee,L.,Ellmers,1964-02-09,F,2013-01-03,2015-01-03,NC,2,Republican,NC-2
Eliot L. Engel,Eliot,L.,Engel,1947-02-18,M,2013-01-03,2015-01-03,NY,16,Democrat,NY-16
Anna G. Eshoo,Anna,G.,Eshoo,1942-12-13,F,2013-01-03,2015-01-03,CA,18,Democrat,CA-18
Eni F. H. Faleomavaega,Eni,F. H.,Faleomavaega,1943-08-15,M,2013-01-03,2015-01-03,AS,0,Democrat,AS-0
Blake Farenthold,Blake,,Farenthold,1962-12-12,M,2013-01-03,2015-01-03,TX,27,Republican,TX-27
Sam Farr,Sam,,Farr,1941-07-04,M,2013-01-03,2015-01-03,CA,20,Democrat,CA-20
Chaka Fattah,Chaka,,Fattah,1956-11-21,M,2013-01-03,2015-01-03,PA,2,Democrat,PA-2
Stephen Lee Fincher,Stephen,Lee,Fincher,1973-02-07,M,2013-01-03,2015-01-03,TN,8,Republican,TN-8
Michael G. Fitzpatrick,Michael,G.,Fitzpatrick,1963-06-28,M,2013-01-03,2015-01-03,PA,8,Republican,PA-8
"Charles J. ""Chuck"" Fleischmann",Charles,J.,Fleischmann,1962-10-11,M,2013-01-03,2015-01-03,TN,3,Republican,TN-3
John Fleming,John,,Fleming,1951-07-05,M,2013-01-03,2015-01-03,LA,4,Republican,LA-4
Bill Flores,Bill,,Flores,1954-02-25,M,2013-01-03,2015-01-03,TX,17,Republican,TX-17
J. Randy Forbes,J.,Randy,Forbes,1952-02-17,M,2013-01-03,2015-01-03,VA,4,Republican,VA-4
Jeff Fortenberry,Jeff,Lane,Fortenberry,1960-12-27,M,2013-01-03,2015-01-03,NE,1,Republican,NE-1
Virginia Foxx,Virginia,,Foxx,1943-06-29,F,2013-01-03,2015-01-03,NC,5,Republican,NC-5
Trent Franks,Trent,,Franks,1957-06-19,M,2013-01-03,2015-01-03,AZ,8,Republican,AZ-8
Rodney P. Frelinghuysen,Rodney,P.,Frelinghuysen,1946-04-29,M,2013-01-03,2015-01-03,NJ,11,Republican,NJ-11
Marcia L. Fudge,Marcia,L.,Fudge,1952-10-29,F,2013-01-03,2015-01-03,OH,11,Democrat,OH-11
John Garamendi,John,,Garamendi,1945-01-24,M,2013-01-03,2015-01-03,CA,3,Democrat,CA-3
Cory Gardner,Cory,,Gardner,1974-08-22,M,2013-01-03,2015-01-03,CO,4,Republican,CO-4
Scott Garrett,Scott,,Garrett,1959-07-09,M,2013-01-03,2015-01-03,NJ,5,Republican,NJ-5
Jim Gerlach,Jim,,Gerlach,1955-02-25,M,2013-01-03,2015-01-03,PA,6,Republican,PA-6
Bob Gibbs,Bob,,Gibbs,1954-06-14,M,2013-01-03,2015-01-03,OH,7,Republican,OH-7
Christopher P. Gibson,Christopher,P.,Gibson,1964-05-13,M,2013-01-03,2015-01-03,NY,19,Republican,NY-19
Phil Gingrey,Phil,,Gingrey,1942-07-10,M,2013-01-03,2015-01-03,GA,11,Republican,GA-11
Louie Gohmert,Louie,B.,Gohmert,1953-08-18,M,2013-01-03,2015-01-03,TX,1,Republican,TX-1
Bob Goodlatte,Bob,W.,Goodlatte,1952-09-22,M,2013-01-03,2015-01-03,VA,6,Republican,VA-6
Paul A. Gosar,Paul,A.,Gosar,1958-11-22,M,2013-01-03,2015-01-03,AZ,4,Republican,AZ-4
Trey Gowdy,Trey,,Gowdy,1964-08-22,M,2013-01-03,2015-01-03,SC,4,Republican,SC-4
Kay Granger,Kay,,Granger,1943-01-18,F,2013-01-03,2015-01-03,TX,12,Republican,TX-12
Sam Graves,Sam,B.,Graves,1963-11-07,M,2013-01-03,2015-01-03,MO,6,Republican,MO-6
Tom Graves,Tom,,Graves,1970-02-03,M,2013-01-03,2015-01-03,GA,14,Republican,GA-14
Al Green,Al,,Green,1947-09-01,M,2013-01-03,2015-01-03,TX,9,Democrat,TX-9
Gene Green,Gene,Eugene,Green,1947-10-17,M,2013-01-03,2015-01-03,TX,29,Democrat,TX-29
Tim Griffin,Tim,,Griffin,1968-08-21,M,2013-01-03,2015-01-03,AR,2,Republican,AR-2
H. Morgan Griffith,H.,Morgan,Griffith,1958-03-15,M,2013-01-03,2015-01-03,VA,9,Republican,VA-9
Raúl M. Grijalva,Raúl,M.,Grijalva,1948-02-19,M,2013-01-03,2015-01-03,AZ,3,Democrat,AZ-3
Michael G. Grimm,Michael,G.,Grimm,1970-02-07,M,2013-01-03,2015-01-03,NY,11,Republican,NY-11
Brett Guthrie,Brett,,Guthrie,1964-02-18,M,2013-01-03,2015-01-03,KY,2,Republican,KY-2
Luis V. Gutiérrez,Luis,V.,Gutiérrez,1953-12-10,M,2013-01-03,2015-01-03,IL,4,Democrat,IL-4
Ralph M. Hall,Ralph,M.,Hall,1923-05-03,M,2013-01-03,2015-01-03,TX,4,Republican,TX-4
Colleen W. Hanabusa,Colleen,W.,Hanabusa,1951-05-04,F,2013-01-03,2015-01-03,HI,1,Democrat,HI-1
Richard L. Hanna,Richard,L.,Hanna,1951-01-25,M,2013-01-03,2015-01-03,NY,22,Republican,NY-22
Gregg Harper,Gregg,,Harper,1956-06-01,M,2013-01-03,2015-01-03,MS,3,Republican,MS-3
Andy Harris,Andy,,Harris,1957-01-25,M,2013-01-03,2015-01-03,MD,1,Republican,MD-1
Vicky Hartzler,Vicky,,Hartzler,1960-10-13,F,2013-01-03,2015-01-03,MO,4,Republican,MO-4
Alcee L. Hastings,Alcee,L.,Hastings,1936-09-05,M,2013-01-03,2015-01-03,FL,20,Democrat,FL-20
Doc Hastings,Doc,,Hastings,1941-02-07,M,2013-01-03,2015-01-03,WA,4,Republican,WA-4
Joseph J. Heck,Joseph,J.,Heck,1961-10-30,M,2013-01-03,2015-01-03,NV,3,Republican,NV-3
Jeb Hensarling,Jeb,,Hensarling,1957-05-29,M,2013-01-03,2015-01-03,TX,5,Republican,TX-5
Jaime Herrera Beutler,Jaime,,Herrera Beutler,1978-11-03,F,2013-01-03,2015-01-03,WA,3,Republican,WA-3
Brian Higgins,Brian,M.,Higgins,1959-10-06,M,2013-01-03,2015-01-03,NY,26,Democrat,NY-26
James A. Himes,James,A.,Himes,1966-07-05,M,2013-01-03,2015-01-03,CT,4,Democrat,CT-4
Rubén Hinojosa,Rubén,E.,Hinojosa,1940-08-20,M,2013-01-03,2015-01-03,TX,15,Democrat,TX-15
Rush Holt,Rush,D.,Holt,1948-10-15,M,2013-01-03,2015-01-03,NJ,12,Democrat,NJ-12
Michael M. Honda,Michael,M.,Honda,1941-06-27,M,2013-01-03,2015-01-03,CA,17,Democrat,CA-17
Steny H. Hoyer,Steny,H.,Hoyer,1939-06-14,M,2013-01-03,2015-01-03,MD,5,Democrat,MD-5
Tim Huelskamp,Tim,,Huelskamp,1968-11-11,M,2013-01-03,2015-01-03,KS,1,Republican,KS-1
Bill Huizenga,Bill,,Huizenga,1969-01-31,M,2013-01-03,2015-01-03,MI,2,Republican,MI-2
Randy Hultgren,Randy,,Hultgren,1966-03-01,M,2013-01-03,2015-01-03,IL,14,Republican,IL-14
Duncan Hunter,Duncan,D.,Hunter,1976-12-07,M,2013-01-03,2015-01-03,CA,50,Republican,CA-50
Robert Hurt,Robert,,Hurt,1969-06-16,M,2013-01-03,2015-01-03,VA,5,Republican,VA-5
Steve Israel,Steve,J.,Israel,1958-05-30,M,2013-01-03,2015-01-03,NY,3,Democrat,NY-3
Darrell E. Issa,Darrell,E.,Issa,1953-11-01,M,2013-01-03,2015-01-03,CA,49,Republican,CA-49
Sheila Jackson Lee,Sheila,,Jackson Lee,1950-01-12,F,2013-01-03,2015-01-03,TX,18,Democrat,TX-18
Lynn Jenkins,Lynn,,Jenkins,1963-06-10,F,2013-01-03,2015-01-03,KS,2,Republican,KS-2
Bill Johnson,Bill,,Johnson,1954-11-10,M,2013-01-03,2015-01-03,OH,6,Republican,OH-6
Eddie Bernice Johnson,Eddie,Bernice,Johnson,1935-12-03,F,2013-01-03,2015-01-03,TX,30,Democrat,TX-30
"Henry C. ""Hank"" Johnson Jr.",Henry,C.,Johnson,1954-10-02,M,2013-01-03,2015-01-03,GA,4,Democrat,GA-4
Sam Johnson,Sam,Robert,Johnson,1930-10-11,M,2013-01-03,2015-01-03,TX,3,Republican,TX-3
Walter B. Jones,Walter,B.,Jones,1943-02-10,M,2013-01-03,2015-01-03,NC,3,Republican,NC-3
Jim Jordan,Jim,,Jordan,1964-02-17,M,2013-01-03,2015-01-03,OH,4,Republican,OH-4
Marcy Kaptur,Marcy,,Kaptur,1946-06-17,F,2013-01-03,2015-01-03,OH,9,Democrat,OH-9
William R. Keating,William,R.,Keating,1952-09-06,M,2013-01-03,2015-01-03,MA,9,Democrat,MA-9
Mike Kelly,Mike,,Kelly,1948-05-10,M,2013-01-03,2015-01-03,PA,3,Republican,PA-3
Ron Kind,Ron,James,Kind,1963-03-16,M,2013-01-03,2015-01-03,WI,3,Democrat,WI-3
Peter T. King,Peter,T.,King,1944-04-05,M,2013-01-03,2015-01-03,NY,2,Republican,NY-2
Steve King,Steve,A.,King,1949-05-28,M,2013-01-03,2015-01-03,IA,4,Republican,IA-4
Jack Kingston,Jack,,Kingston,1955-04-24,M,2013-01-03,2015-01-03,GA,1,Republican,GA-1
Adam Kinzinger,Adam,,Kinzinger,1978-02-27,M,2013-01-03,2015-01-03,IL,16,Republican,IL-16
John Kline,John,Paul,Kline,1947-09-06,M,2013-01-03,2015-01-03,MN,2,Republican,MN-2
Raúl R. Labrador,Raúl,R.,Labrador,1967-12-08,M,2013-01-03,2015-01-03,ID,1,Republican,ID-1
Doug Lamborn,Doug,,Lamborn,1954-05-24,M,2013-01-03,2015-01-03,CO,5,Republican,CO-5
Leonard Lance,Leonard,,Lance,1952-06-25,M,2013-01-03,2015-01-03,NJ,7,Republican,NJ-7
James R. Langevin,James,R.,Langevin,1964-04-22,M,2013-01-03,2015-01-03,RI,2,Democrat,RI-2
James Lankford,James,,Lankford,1968-03-04,M,2013-01-03,2015-01-03,OK,5,Republican,OK-5
Rick Larsen,Rick,,Larsen,1965-06-15,M,2013-01-03,2015-01-03,WA,2,Democrat,WA-2
John B. Larson,John,B.,Larson,1948-07-22,M,2013-01-03,2015-01-03,CT,1,Democrat,CT-1
Tom Latham,Tom,P.,Latham,1948-07-14,M,2013-01-03,2015-01-03,IA,3,Republican,IA-3
Robert E. Latta,Robert,E.,Latta,1956-04-18,M,2013-01-03,2015-01-03,OH,5,Republican,OH-5
Barbara Lee,Barbara,,Lee,1946-07-16,F,2013-01-03,2015-01-03,CA,13,Democrat,CA-13
Sander M. Levin,Sander,M.,Levin,1931-09-06,M,2013-01-03,2015-01-03,MI,9,Democrat,MI-9
John Lewis,John,R.,Lewis,1940-02-21,M,2013-01-03,2015-01-03,GA,5,Democrat,GA-5
Daniel Lipinski,Daniel,William,Lipinski,1966-07-15,M,2013-01-03,2015-01-03,IL,3,Democrat,IL-3
Frank A. LoBiondo,Frank,A.,LoBiondo,1946-05-12,M,2013-01-03,2015-01-03,NJ,2,Republican,NJ-2
David Loebsack,David,,Loebsack,1952-12-23,M,2013-01-03,2015-01-03,IA,2,Democrat,IA-2
Zoe Lofgren,Zoe,,Lofgren,1947-12-21,F,2013-01-03,2015-01-03,CA,19,Democrat,CA-19
Billy Long,Billy,,Long,1955-08-11,M,2013-01-03,2015-01-03,MO,7,Republican,MO-7
Nita M. Lowey,Nita,M.,Lowey,1937-07-05,F,2013-01-03,2015-01-03,NY,17,Democrat,NY-17
Frank D. Lucas,Frank,D.,Lucas,1960-01-06,M,2013-01-03,2015-01-03,OK,3,Republican,OK-3
Blaine Luetkemeyer,Blaine,,Luetkemeyer,1952-05-07,M,2013-01-03,2015-01-03,MO,3,Republican,MO-3
Ben Ray Luján,Ben,Ray,Luján,1972-06-07,M,2013-01-03,2015-01-03,NM,3,Democrat,NM-3
Cynthia M. Lummis,Cynthia,M.,Lummis,1954-09-10,F,2013-01-03,2015-01-03,WY,0,Republican,WY-0
Stephen F. Lynch,Stephen,F.,Lynch,1955-03-31,M,2013-01-03,2015-01-03,MA,8,Democrat,MA-8
Carolyn B. Maloney,Carolyn,B.,Maloney,1946-02-19,F,2013-01-03,2015-01-03,NY,12,Democrat,NY-12
Kenny Marchant,Kenny,Ewell,Marchant,1951-02-23,M,2013-01-03,2015-01-03,TX,24,Republican,TX-24
Tom Marino,Tom,,Marino,1952-08-15,M,2013-01-03,2015-01-03,PA,10,Republican,PA-10
Jim Matheson,Jim,,Matheson,1960-03-21,M,2013-01-03,2015-01-03,UT,4,Democrat,UT-4
Doris O. Matsui,Doris,O.,Matsui,1944-09-25,F,2013-01-03,2015-01-03,CA,6,Democrat,CA-6
Carolyn McCarthy,Carolyn,,McCarthy,1944-01-05,F,2013-01-03,2015-01-03,NY,4,Democrat,NY-4
Kevin McCarthy,Kevin,,McCarthy,1965-01-26,M,2013-01-03,2015-01-03,CA,23,Republican,CA-23
Michael T. McCaul,Michael,T.,McCaul,1962-01-14,M,2013-01-03,2015-01-03,TX,10,Republican,TX-10
Tom McClintock,Tom,,McClintock,1956-07-10,M,2013-01-03,2015-01-03,CA,4,Republican,CA-4
Betty McCollum,Betty,Louise,McCollum,1954-07-12,F,2013-01-03,2015-01-03,MN,4,Democrat,MN-4
Jim McDermott,Jim,A.,McDermott,1936-12-28,M,2013-01-03,2015-01-03,WA,7,Democrat,WA-7
James P. McGovern,James,P.,McGovern,1959-11-20,M,2013-01-03,2015-01-03,MA,2,Democrat,MA-2
Patrick T. McHenry,Patrick,T.,McHenry,1975-10-22,M,2013-01-03,2015-01-03,NC,10,Republican,NC-10
Mike McIntyre,Mike,,McIntyre,1956-08-06,M,2013-01-03,2015-01-03,NC,7,Democrat,NC-7
"Howard P. ""Buck"" McKeon",Howard,P.,McKeon,1938-09-09,M,2013-01-03,2015-01-03,CA,25,Republican,CA-25
David B. McKinley,David,B.,McKinley,1947-03-28,M,2013-01-03,2015-01-03,WV,1,Republican,WV-1
Cathy McMorris Rodgers,Cathy,,McMorris Rodgers,1969-05-22,F,2013-01-03,2015-01-03,WA,5,Republican,WA-5
Jerry McNerney,Jerry,,McNerney,1951-06-18,M,2013-01-03,2015-01-03,CA,9,Democrat,CA-9
Patrick Meehan,Patrick,,Meehan,1955-10-20,M,2013-01-03,2015-01-03,PA,7,Republican,PA-7
Gregory W. Meeks,Gregory,W.,Meeks,1953-09-25,M,2013-01-03,2015-01-03,NY,5,Democrat,NY-5
John L. Mica,John,L.,Mica,1943-01-27,M,2013-01-03,2015-01-03,FL,7,Republican,FL-7
Michael H. Michaud,Michael,H.,Michaud,1955-01-18,M,2013-01-03,2015-01-03,ME,2,Democrat,ME-2
Candice S. Miller,Candice,S.,Miller,1954-05-07,F,2013-01-03,2015-01-03,MI,10,Republican,MI-10
Gary G. Miller,Gary,G.,Miller,1948-10-16,M,2013-01-03,2015-01-03,CA,31,Republican,CA-31
George Miller,George,,Miller,1945-05-17,M,2013-01-03,2015-01-03,CA,11,Democrat,CA-11
Jeff Miller,Jeff,,Miller,1959-06-27,M,2013-01-03,2015-01-03,FL,1,Republican,FL-1
Gwen Moore,Gwen,,Moore,1951-04-18,F,2013-01-03,2015-01-03,WI,4,Democrat,WI-4
James P. Moran,James,P.,Moran,1945-05-16,M,2013-01-03,2015-01-03,VA,8,Democrat,VA-8
Mick Mulvaney,Mick,,Mulvaney,1967-07-21,M,2013-01-03,2015-01-03,SC,5,Republican,SC-5
Tim Murphy,Tim,,Murphy,1952-09-11,M,2013-01-03,2015-01-03,PA,18,Republican,PA-18
Jerrold Nadler,Jerrold,L.,Nadler,1947-06-13,M,2013-01-03,2015-01-03,NY,10,Democrat,NY-10
Grace F. Napolitano,Grace,F.,Napolitano,1936-12-04,F,2013-01-03,2015-01-03,CA,32,Democrat,CA-32
Richard E. Neal,Richard,E.,Neal,1949-02-14,M,2013-01-03,2015-01-03,MA,1,Democrat,MA-1
Randy Neugebauer,Randy,,Neugebauer,1949-12-24,M,2013-01-03,2015-01-03,TX,19,Republican,TX-19
Kristi L. Noem,Kristi,L.,Noem,1971-11-30,F,2013-01-03,2015-01-03,SD,0,Republican,SD-0
Eleanor Holmes Norton,Eleanor,Holmes,Norton,1937-06-13,F,2013-01-03,2015-01-03,DC,0,Democrat,DC-0
Richard B. Nugent,Richard,B.,Nugent,1951-05-26,M,2013-01-03,2015-01-03,FL,11,Republican,FL-11
Devin Nunes,Devin,G.,Nunes,1973-10-01,M,2013-01-03,2015-01-03,CA,22,Republican,CA-22
Alan Nunnelee,Alan,,Nunnelee,1958-10-09,M,2013-01-03,2015-01-03,MS,1,Republican,MS-1
Pete Olson,Pete,,Olson,1962-12-09,M,2013-01-03,2015-01-03,TX,22,Republican,TX-22
William L. Owens,William,L.,Owens,1949-01-20,M,2013-01-03,2015-01-03,NY,21,Democrat,NY-21
Steven M. Palazzo,Steven,M.,Palazzo,1970-02-21,M,2013-01-03,2015-01-03,MS,4,Republican,MS-4
Frank Pallone Jr.,Frank,J.,Pallone,1951-10-30,M,2013-01-03,2015-01-03,NJ,6,Democrat,NJ-6
Bill Pascrell Jr.,Bill,J.,Pascrell,1937-01-25,M,2013-01-03,2015-01-03,NJ,9,Democrat,NJ-9
Ed Pastor,Ed,,Pastor,1943-06-28,M,2013-01-03,2015-01-03,AZ,7,Democrat,AZ-7
Erik Paulsen,Erik,,Paulsen,1965-05-14,M,2013-01-03,2015-01-03,MN,3,Republican,MN-3
Stevan Pearce,Stevan,E.,Pearce,1947-08-24,M,2013-01-03,2015-01-03,NM,2,Republican,NM-2
Nancy Pelosi,Nancy,,Pelosi,1940-03-26,F,2013-01-03,2015-01-03,CA,12,Democrat,CA-12
Ed Perlmutter,Ed,,Perlmutter,1953-05-01,M,2013-01-03,2015-01-03,CO,7,Democrat,CO-7
Gary C. Peters,Gary,C.,Peters,1958-12-01,M,2013-01-03,2015-01-03,MI,14,Democrat,MI-14
Collin C. Peterson,Collin,Clark,Peterson,1944-06-29,M,2013-01-03,2015-01-03,MN,7,Democrat,MN-7
Thomas E. Petri,Thomas,E.,Petri,1940-05-28,M,2013-01-03,2015-01-03,WI,6,Republican,WI-6
Pedro R. Pierluisi,Pedro,R.,Pierluisi,1959-04-26,M,2013-01-03,2017-01-03,PR,0,Democrat,PR-0
Chellie Pingree,Chellie,,Pingree,1955-04-02,F,2013-01-03,2015-01-03,ME,1,Democrat,ME-1
Joseph R. Pitts,Joseph,R.,Pitts,1939-10-10,M,2013-01-03,2015-01-03,PA,16,Republican,PA-16
Ted Poe,Ted,,Poe,1948-09-10,M,2013-01-03,2015-01-03,TX,2,Republican,TX-2
Jared Polis,Jared,,Polis,1975-05-12,M,2013-01-03,2015-01-03,CO,2,Democrat,CO-2
Mike Pompeo,Mike,,Pompeo,1963-12-30,M,2013-01-03,2015-01-03,KS,4,Republican,KS-4
Bill Posey,Bill,,Posey,1947-12-18,M,2013-01-03,2015-01-03,FL,8,Republican,FL-8
David E. Price,David,E.,Price,1940-08-17,M,2013-01-03,2015-01-03,NC,4,Democrat,NC-4
Tom Price,Tom,,Price,1954-10-08,M,2013-01-03,2015-01-03,GA,6,Republican,GA-6
Mike Quigley,Mike,,Quigley,1958-10-17,M,2013-01-03,2015-01-03,IL,5,Democrat,IL-5
Nick J. Rahall II,Nick,J.,Rahall,1949-05-20,M,2013-01-03,2015-01-03,WV,3,Democrat,WV-3
Charles B. Rangel,Charles,B.,Rangel,1930-06-11,M,2013-01-03,2015-01-03,NY,13,Democrat,NY-13
Tom Reed,Tom,W.,Reed,1971-11-18,M,2013-01-03,2015-01-03,NY,23,Republican,NY-23
David G. Reichert,David,G.,Reichert,1950-08-29,M,2013-01-03,2015-01-03,WA,8,Republican,WA-8
James B. Renacci,James,B.,Renacci,1958-12-03,M,2013-01-03,2015-01-03,OH,16,Republican,OH-16
Reid J. Ribble,Reid,J.,Ribble,1956-04-05,M,2013-01-03,2015-01-03,WI,8,Republican,WI-8
Cedric L. Richmond,Cedric,L.,Richmond,1973-09-13,M,2013-01-03,2015-01-03,LA,2,Democrat,LA-2
E. Scott Rigell,E.,Scott,Rigell,1960-05-28,M,2013-01-03,2015-01-03,VA,2,Republican,VA-2
Martha Roby,Martha,,Roby,1976-07-27,F,2013-01-03,2015-01-03,AL,2,Republican,AL-2
David P. Roe,David,P.,Roe,1945-07-21,M,2013-01-03,2015-01-03,TN,1,Republican,TN-1
Harold Rogers,Harold,,Rogers,1937-12-31,M,2013-01-03,2015-01-03,KY,5,Republican,KY-5
Mike Rogers,Mike,,Rogers,1963-06-02,M,2013-01-03,2015-01-03,MI,8,Republican,MI-8
Mike Rogers,Mike,,Rogers,1958-07-16,M,2013-01-03,2015-01-03,AL,3,Republican,AL-3
Dana Rohrabacher,Dana,T.,Rohrabacher,1947-06-21,M,2013-01-03,2015-01-03,CA,48,Republican,CA-48
Todd Rokita,Todd,,Rokita,1970-02-09,M,2013-01-03,2015-01-03,IN,4,Republican,IN-4
Thomas J. Rooney,Thomas,J.,Rooney,1970-11-21,M,2013-01-03,2015-01-03,FL,17,Republican,FL-17
Ileana Ros-Lehtinen,Ileana,,Ros-Lehtinen,1952-07-15,F,2013-01-03,2015-01-03,FL,27,Republican,FL-27
Peter J. Roskam,Peter,J.,Roskam,1961-09-13,M,2013-01-03,2015-01-03,IL,6,Republican,IL-6
Dennis A. Ross,Dennis,A.,Ross,1959-10-18,M,2013-01-03,2015-01-03,FL,15,Republican,FL-15
Lucille Roybal-Allard,Lucille,,Roybal-Allard,1941-06-12,F,2013-01-03,2015-01-03,CA,40,Democrat,CA-40
Edward R. Royce,Edward,R.,Royce,1951-10-12,M,2013-01-03,2015-01-03,CA,39,Republican,CA-39
Jon Runyan,Jon,,Runyan,1973-11-27,M,2013-01-03,2015-01-03,NJ,3,Republican,NJ-3
C. A. Dutch Ruppersberger,C.,A. Dutch,Ruppersberger,1946-01-31,M,2013-01-03,2015-01-03,MD,2,Democrat,MD-2
Bobby L. Rush,Bobby,L.,Rush,1946-11-23,M,2013-01-03,2015-01-03,IL,1,Democrat,IL-1
Paul Ryan,Paul,D.,Ryan,1970-01-29,M,2013-01-03,2015-01-03,WI,1,Republican,WI-1
Tim Ryan,Tim,J.,Ryan,1973-07-16,M,2013-01-03,2015-01-03,OH,13,Democrat,OH-13
Gregorio Kilili Camacho Sablan,Gregorio,Kilili Camacho,Sablan,1955-01-19,M,2013-01-03,2015-01-03,MP,0,Democrat,MP-0
Loretta Sanchez,Loretta,B.,Sanchez,1960-01-07,F,2013-01-03,2015-01-03,CA,46,Democrat,CA-46
John P. Sarbanes,John,P.,Sarbanes,1962-05-22,M,2013-01-03,2015-01-03,MD,3,Democrat,MD-3
Steve Scalise,Steve,Joseph,Scalise,1965-10-06,M,2013-01-03,2015-01-03,LA,1,Republican,LA-1
Janice D. Schakowsky,Janice,D.,Schakowsky,1944-05-26,F,2013-01-03,2015-01-03,IL,9,Democrat,IL-9
Adam B. Schiff,Adam,B.,Schiff,1960-06-22,M,2013-01-03,2015-01-03,CA,28,Democrat,CA-28
Aaron Schock,Aaron,,Schock,1981-05-28,M,2013-01-03,2015-01-03,IL,18,Republican,IL-18
Kurt Schrader,Kurt,,Schrader,1951-10-19,M,2013-01-03,2015-01-03,OR,5,Democrat,OR-5
Allyson Y. Schwartz,Allyson,Y.,Schwartz,1948-10-03,F,2013-01-03,2015-01-03,PA,13,Democrat,PA-13
David Schweikert,David,,Schweikert,1962-03-03,M,2013-01-03,2015-01-03,AZ,6,Republican,AZ-6
Austin Scott,Austin,,Scott,1969-12-10,M,2013-01-03,2015-01-03,GA,8,Republican,GA-8
David Scott,David,,Scott,1946-06-27,M,2013-01-03,2015-01-03,GA,13,Democrat,GA-13
"Robert C. ""Bobby"" Scott",Robert,C.,Scott,1947-04-30,M,2013-01-03,2015-01-03,VA,3,Democrat,VA-3
F. James Sensenbrenner Jr.,F.,James,Sensenbrenner,1943-06-14,M,2013-01-03,2015-01-03,WI,5,Republican,WI-5
José E. Serrano,José,E.,Serrano,1943-10-24,M,2013-01-03,2015-01-03,NY,15,Democrat,NY-15
Pete Sessions,Pete,A.,Sessions,1955-03-22,M,2013-01-03,2015-01-03,TX,32,Republican,TX-32
Terri A. Sewell,Terri,A.,Sewell,1965-01-01,F,2013-01-03,2015-01-03,AL,7,Democrat,AL-7
Brad Sherman,Brad,J.,Sherman,1954-10-24,M,2013-01-03,2015-01-03,CA,30,Democrat,CA-30
John Shimkus,John,M.,Shimkus,1958-02-21,M,2013-01-03,2015-01-03,IL,15,Republican,IL-15
Bill Shuster,Bill,,Shuster,1961-01-10,M,2013-01-03,2015-01-03,PA,9,Republican,PA-9
Michael K. Simpson,Michael,K.,Simpson,1950-09-08,M,2013-01-03,2015-01-03,ID,2,Republican,ID-2
Albio Sires,Albio,,Sires,1951-01-26,M,2013-01-03,2015-01-03,NJ,8,Democrat,NJ-8
Louise McIntosh Slaughter,Louise,McIntosh,Slaughter,1929-08-14,F,2013-01-03,2015-01-03,NY,25,Democrat,NY-25
Adam Smith,Adam,,Smith,1965-06-15,M,2013-01-03,2015-01-03,WA,9,Democrat,WA-9
Adrian Smith,Adrian,,Smith,1970-12-19,M,2013-01-03,2015-01-03,NE,3,Republican,NE-3
Christopher H. Smith,Christopher,H.,Smith,1953-03-04,M,2013-01-03,2015-01-03,NJ,4,Republican,NJ-4
Lamar Smith,Lamar,S.,Smith,1947-11-19,M,2013-01-03,2015-01-03,TX,21,Republican,TX-21
Steve Southerland II,Steve,,Southerland,1965-10-10,M,2013-01-03,2015-01-03,FL,2,Republican,FL-2
Jackie Speier,Jackie,,Speier,1950-05-14,F,2013-01-03,2015-01-03,CA,14,Democrat,CA-14
Steve Stivers,Steve,,Stivers,1965-03-24,M,2013-01-03,2015-01-03,OH,15,Republican,OH-15
Marlin A. Stutzman,Marlin,A.,Stutzman,1976-08-31,M,2013-01-03,2015-01-03,IN,3,Republican,IN-3
Linda T. Sánchez,Linda,T.,Sánchez,1969-01-28,F,2013-01-03,2015-01-03,CA,38,Democrat,CA-38
Lee Terry,Lee,R.,Terry,1962-01-29,M,2013-01-03,2015-01-03,NE,2,Republican,NE-2
Bennie G. Thompson,Bennie,G.,Thompson,1948-01-28,M,2013-01-03,2015-01-03,MS,2,Democrat,MS-2
Mike Thompson,Mike,Michael,Thompson,1951-01-24,M,2013-01-03,2015-01-03,CA,5,Democrat,CA-5
Glenn Thompson,Glenn,,Thompson,1959-07-27,M,2013-01-03,2015-01-03,PA,5,Republican,PA-5
Mac Thornberry,Mac,M.,Thornberry,1958-07-15,M,2013-01-03,2015-01-03,TX,13,Republican,TX-13
Patrick J. Tiberi,Patrick,J.,Tiberi,1962-10-21,M,2013-01-03,2015-01-03,OH,12,Republican,OH-12
John F. Tierney,John,F.,Tierney,1951-09-18,M,2013-01-03,2015-01-03,MA,6,Democrat,MA-6
Scott R. Tipton,Scott,R.,Tipton,1956-11-09,M,2013-01-03,2015-01-03,CO,3,Republican,CO-3
Paul Tonko,Paul,,Tonko,1949-06-18,M,2013-01-03,2015-01-03,NY,20,Democrat,NY-20
Niki Tsongas,Niki,S.,Tsongas,1946-04-26,F,2013-01-03,2015-01-03,MA,3,Democrat,MA-3
Michael R. Turner,Michael,R.,Turner,1960-01-11,M,2013-01-03,2015-01-03,OH,10,Republican,OH-10
Fred Upton,Fred,Stephen,Upton,1953-04-23,M,2013-01-03,2015-01-03,MI,6,Republican,MI-6
Chris Van Hollen,Chris,,Van Hollen,1959-01-10,M,2013-01-03,2015-01-03,MD,8,Democrat,MD-8
Nydia M. Velázquez,Nydia,M.,Velázquez,1953-03-28,F,2013-01-03,2015-01-03,NY,7,Democrat,NY-7
Peter J. Visclosky,Peter,J.,Visclosky,1949-08-13,M,2013-01-03,2015-01-03,IN,1,Democrat,IN-1
Tim Walberg,Tim,,Walberg,1951-04-12,M,2013-01-03,2015-01-03,MI,7,Republican,MI-7
Greg Walden,Greg,P.,Walden,1957-01-10,M,2013-01-03,2015-01-03,OR,2,Republican,OR-2
Timothy J. Walz,Timothy,James,Walz,1964-04-06,M,2013-01-03,2015-01-03,MN,1,Democrat,MN-1
Debbie Wasserman Schultz,Debbie,,Wasserman Schultz,1966-09-27,F,2013-01-03,2015-01-03,FL,23,Democrat,FL-23
Maxine Waters,Maxine,,Waters,1938-08-15,F,2013-01-03,2015-01-03,CA,43,Democrat,CA-43
Melvin L. Watt,Melvin,L.,Watt,1945-08-26,M,2013-01-03,2015-01-03,NC,12,Democrat,NC-12
Henry A. Waxman,Henry,A.,Waxman,1939-09-12,M,2013-01-03,2015-01-03,CA,33,Democrat,CA-33
Daniel Webster,Daniel,,Webster,1949-04-27,M,2013-01-03,2015-01-03,FL,10,Republican,FL-10
Peter Welch,Peter,,Welch,1947-05-02,M,2013-01-03,2015-01-03,VT,0,Democrat,VT-0
Lynn A. Westmoreland,Lynn,A.,Westmoreland,1950-04-02,M,2013-01-03,2015-01-03,GA,3,Republican,GA-3
Ed Whitfield,Ed,,Whitfield,1943-05-25,M,2013-01-03,2015-01-03,KY,1,Republican,KY-1
Joe Wilson,Joe,G.,Wilson,1947-07-31,M,2013-01-03,2015-01-03,SC,2,Republican,SC-2
Frederica S. Wilson,Frederica,S.,Wilson,1942-11-05,F,2013-01-03,2015-01-03,FL,24,Democrat,FL-24
Robert J. Wittman,Robert,J.,Wittman,1959-02-03,M,2013-01-03,2015-01-03,VA,1,Republican,VA-1
Frank R. Wolf,Frank,R.,Wolf,1939-01-30,M,2013-01-03,2015-01-03,VA,10,Republican,VA-10
Steve Womack,Steve,,Womack,1957-02-18,M,2013-01-03,2015-01-03,AR,3,Republican,AR-3
Rob Woodall,Rob,,Woodall,1970-02-11,M,2013-01-03,2015-01-03,GA,7,Republican,GA-7
John A. Yarmuth,John,A.,Yarmuth,1947-11-04,M,2013-01-03,2015-01-03,KY,3,Democrat,KY-3
Kevin Yoder,Kevin,,Yoder,1976-01-08,M,2013-01-03,2015-01-03,KS,3,Republican,KS-3
C. W. Bill Young,C.,W. Bill,Young,1930-12-16,M,2013-01-03,2015-01-03,FL,13,Republican,FL-13
Don Young,Don,E.,Young,1933-06-09,M,2013-01-03,2015-01-03,AK,0,Republican,AK-0
Todd C. Young,Todd,C.,Young,1972-08-24,M,2013-01-03,2015-01-03,IN,9,Republican,IN-9
Janice Hahn,Janice,,Hahn,1952-03-30,F,2013-01-03,2015-01-03,CA,44,Democrat,CA-44
Mark E. Amodei,Mark,E.,Amodei,1958-06-12,M,2013-01-03,2015-01-03,NV,2,Republican,NV-2
Suzanne Bonamici,Suzanne,,Bonamici,1954-10-14,F,2013-01-03,2015-01-03,OR,1,Democrat,OR-1
Ron Barber,Ron,,Barber,1945-08-25,M,2013-01-03,2015-01-03,AZ,2,Democrat,AZ-2
Suzan K. DelBene,Suzan,K.,DelBene,1962-02-17,F,2013-01-03,2015-01-03,WA,1,Democrat,WA-1
Thomas Massie,Thomas,,Massie,1971-01-13,M,2013-01-03,2015-01-03,KY,4,Republican,KY-4
Donald M. Payne Jr.,Donald,M.,Payne,1958-12-17,M,2013-01-03,2015-01-03,NJ,10,Democrat,NJ-10
Matt Salmon,Matt,,Salmon,1958-01-21,M,2013-01-03,2015-01-03,AZ,5,Republican,AZ-5
Steve Stockman,Steve,,Stockman,1956-11-14,M,2013-01-03,2015-01-03,TX,36,Republican,TX-36
Carol Shea-Porter,Carol,,Shea-Porter,1952-12-02,F,2013-01-03,2015-01-03,NH,1,Democrat,NH-1
Bill Foster,Bill,,Foster,1955-10-07,M,2013-01-03,2015-01-03,IL,11,Democrat,IL-11
Alan Grayson,Alan,,Grayson,1958-03-13,M,2013-01-03,2015-01-03,FL,9,Democrat,FL-9
Ann Kirkpatrick,Ann,,Kirkpatrick,1950-03-24,F,2013-01-03,2015-01-03,AZ,1,Democrat,AZ-1
Daniel B. Maffei,Daniel,B.,Maffei,1968-07-04,M,2013-01-03,2015-01-03,NY,24,Democrat,NY-24
Dina Titus,Dina,,Titus,1950-05-23,F,2013-01-03,2015-01-03,NV,1,Democrat,NV-1
Tom Cotton,Tom,,Cotton,1977-05-13,M,2013-01-03,2015-01-03,AR,4,Republican,AR-4
Kyrsten Sinema,Kyrsten,,Sinema,1976-07-12,F,2013-01-03,2015-01-03,AZ,9,Democrat,AZ-9
Doug LaMalfa,Doug,,LaMalfa,1960-07-02,M,2013-01-03,2015-01-03,CA,1,Republican,CA-1
Jared Huffman,Jared,,Huffman,1964-02-18,M,2013-01-03,2015-01-03,CA,2,Democrat,CA-2
Ami Bera,Ami,,Bera,1965-03-02,M,2013-01-03,2015-01-03,CA,7,Democrat,CA-7
Paul Cook,Paul,,Cook,1943-03-03,M,2013-01-03,2015-01-03,CA,8,Republican,CA-8
Eric Swalwell,Eric,,Swalwell,1980-11-16,M,2013-01-03,2015-01-03,CA,15,Democrat,CA-15
David G. Valadao,David,G.,Valadao,1977-04-14,M,2013-01-03,2015-01-03,CA,21,Republican,CA-21
Julia Brownley,Julia,,Brownley,1952-08-28,F,2013-01-03,2015-01-03,CA,26,Democrat,CA-26
Tony Cárdenas,Tony,,Cárdenas,1963-03-31,M,2013-01-03,2015-01-03,CA,29,Democrat,CA-29
Gloria Negrete McLeod,Gloria,,Negrete McLeod,1941-09-06,F,2013-01-03,2015-01-03,CA,35,Democrat,CA-35
Raul Ruiz,Raul,,Ruiz,1972-08-25,M,2013-01-03,2015-01-03,CA,36,Democrat,CA-36
Mark Takano,Mark,,Takano,1960-12-10,M,2013-01-03,2015-01-03,CA,41,Democrat,CA-41
Alan S. Lowenthal,Alan,S.,Lowenthal,1941-03-08,M,2013-01-03,2015-01-03,CA,47,Democrat,CA-47
Juan Vargas,Juan,,Vargas,1961-03-07,M,2013-01-03,2015-01-03,CA,51,Democrat,CA-51
Scott H. Peters,Scott,H.,Peters,1958-06-17,M,2013-01-03,2015-01-03,CA,52,Democrat,CA-52
Elizabeth H. Esty,Elizabeth,H.,Esty,1959-08-25,F,2013-01-03,2015-01-03,CT,5,Democrat,CT-5
Ted S. Yoho,Ted,S.,Yoho,1955-04-13,M,2013-01-03,2015-01-03,FL,3,Republican,FL-3
Ron DeSantis,Ron,,DeSantis,1978-09-14,M,2013-01-03,2015-01-03,FL,6,Republican,FL-6
Patrick Murphy,Patrick,,Murphy,1983-03-30,M,2013-01-03,2015-01-03,FL,18,Democrat,FL-18
Trey Radel,Trey,,Radel,1976-04-20,M,2013-01-03,2015-01-03,FL,19,Republican,FL-19
Lois Frankel,Lois,,Frankel,1948-05-16,F,2013-01-03,2015-01-03,FL,22,Democrat,FL-22
Joe Garcia,Joe,,Garcia,1963-10-19,M,2013-01-03,2015-01-03,FL,26,Democrat,FL-26
Doug Collins,Doug,,Collins,1966-08-16,M,2013-01-03,2015-01-03,GA,9,Republican,GA-9
Tulsi Gabbard,Tulsi,,Gabbard,1981-04-12,F,2013-01-03,2015-01-03,HI,2,Democrat,HI-2
Tammy Duckworth,Tammy,,Duckworth,1968-03-12,F,2013-01-03,2015-01-03,IL,8,Democrat,IL-8
Bradley S. Schneider,Bradley,S.,Schneider,1961-08-20,M,2013-01-03,2015-01-03,IL,10,Democrat,IL-10
William L. Enyart,William,L.,Enyart,1949-09-22,M,2013-01-03,2015-01-03,IL,12,Democrat,IL-12
Rodney Davis,Rodney,,Davis,1970-01-05,M,2013-01-03,2015-01-03,IL,13,Republican,IL-13
Cheri Bustos,Cheri,,Bustos,1961-10-17,F,2013-01-03,2015-01-03,IL,17,Democrat,IL-17
Jackie Walorski,Jackie,,Walorski,1963-08-17,F,2013-01-03,2015-01-03,IN,2,Republican,IN-2
Susan W. Brooks,Susan,W.,Brooks,1960-08-25,F,2013-01-03,2015-01-03,IN,5,Republican,IN-5
Luke Messer,Luke,,Messer,1969-02-27,M,2013-01-03,2015-01-03,IN,6,Republican,IN-6
Andy Barr,Garland,,Barr,1973-07-24,M,2013-01-03,2015-01-03,KY,6,Republican,KY-6
Joseph P. Kennedy III,Joseph,P.,Kennedy,1980-10-04,M,2013-01-03,2015-01-03,MA,4,Democrat,MA-4
John K. Delaney,John,K.,Delaney,1963-04-16,M,2013-01-03,2015-01-03,MD,6,Democrat,MD-6
Daniel T. Kildee,Daniel,T.,Kildee,1958-08-11,M,2013-01-03,2015-01-03,MI,5,Democrat,MI-5
Kerry L. Bentivolio,Kerry,L.,Bentivolio,1951-10-06,M,2013-01-03,2015-01-03,MI,11,Republican,MI-11
Richard M. Nolan,Richard,M.,Nolan,1943-12-17,M,2013-01-03,2015-01-03,MN,8,Democrat,MN-8
Ann Wagner,Ann,,Wagner,1962-09-13,F,2013-01-03,2015-01-03,MO,2,Republican,MO-2
Steve Daines,Steve,,Daines,1962-08-20,M,2013-01-03,2015-01-03,MT,0,Republican,MT-0
Richard Hudson,Richard,,Hudson,1971-11-04,M,2013-01-03,2015-01-03,NC,8,Republican,NC-8
Robert Pittenger,Robert,,Pittenger,1948-08-15,M,2013-01-03,2015-01-03,NC,9,Republican,NC-9
Mark Meadows,Mark,,Meadows,1959-07-28,M,2013-01-03,2015-01-03,NC,11,Republican,NC-11
George Holding,George,,Holding,1968-04-17,M,2013-01-03,2015-01-03,NC,13,Republican,NC-13
Kevin Cramer,Kevin,,Cramer,1961-01-21,M,2013-01-03,2015-01-03,ND,0,Republican,ND-0
Ann M. Kuster,Ann,M.,Kuster,1956-09-05,F,2013-01-03,2015-01-03,NH,2,Democrat,NH-2
Michelle Lujan Grisham,Michelle,,Lujan Grisham,1959-10-24,F,2013-01-03,2015-01-03,NM,1,Democrat,NM-1
Steven A. Horsford,Steven,A.,Horsford,1973-04-29,M,2013-01-03,2015-01-03,NV,4,Democrat,NV-4
Grace Meng,Grace,,Meng,1975-10-01,F,2013-01-03,2015-01-03,NY,6,Democrat,NY-6
Hakeem S. Jeffries,Hakeem,S.,Jeffries,1970-08-04,M,2013-01-03,2015-01-03,NY,8,Democrat,NY-8
Sean Patrick Maloney,Sean,Patrick,Maloney,1966-07-30,M,2013-01-03,2015-01-03,NY,18,Democrat,NY-18
Chris Collins,Chris,,Collins,1950-05-20,M,2013-01-03,2015-01-03,NY,27,Republican,NY-27
Brad R. Wenstrup,Brad,R.,Wenstrup,1958-06-17,M,2013-01-03,2015-01-03,OH,2,Republican,OH-2
Joyce Beatty,Joyce,,Beatty,1950-03-12,F,2013-01-03,2015-01-03,OH,3,Democrat,OH-3
David P. Joyce,David,P.,Joyce,1957-03-17,M,2013-01-03,2015-01-03,OH,14,Republican,OH-14
Jim Bridenstine,Jim,,Bridenstine,1975-06-15,M,2013-01-03,2015-01-03,OK,1,Republican,OK-1
Markwayne Mullin,Markwayne,,Mullin,1977-07-26,M,2013-01-03,2015-01-03,OK,2,Republican,OK-2
Scott Perry,Scott,,Perry,1962-05-27,M,2013-01-03,2015-01-03,PA,4,Republican,PA-4
Keith J. Rothfus,Keith,J.,Rothfus,1962-04-25,M,2013-01-03,2015-01-03,PA,12,Republican,PA-12
Matt Cartwright,Matthew,A.,Cartwright,1961-05-01,M,2013-01-03,2015-01-03,PA,17,Democrat,PA-17
Tom Rice,Tom,,Rice,1957-08-04,M,2013-01-03,2015-01-03,SC,7,Republican,SC-7
Randy K. Weber Sr.,Randy,K.,Weber,1953-07-02,M,2013-01-03,2015-01-03,TX,14,Republican,TX-14
Beto O'Rourke,Beto,,O'Rourke,1972-09-26,M,2013-01-03,2015-01-03,TX,16,Democrat,TX-16
Joaquin Castro,Joaquin,,Castro,1974-09-16,M,2013-01-03,2015-01-03,TX,20,Democrat,TX-20
Pete P. Gallego,Pete,P.,Gallego,1961-12-02,M,2013-01-03,2015-01-03,TX,23,Democrat,TX-23
Roger Williams,Roger,,Williams,1949-09-13,M,2013-01-03,2015-01-03,TX,25,Republican,TX-25
Marc A. Veasey,Marc,A.,Veasey,1971-01-03,M,2013-01-03,2015-01-03,TX,33,Democrat,TX-33
Filemon Vela,Filemon,,Vela,1963-02-13,M,2013-01-03,2015-01-03,TX,34,Democrat,TX-34
Chris Stewart,Chris,,Stewart,1960-07-15,M,2013-01-03,2015-01-03,UT,2,Republican,UT-2
Derek Kilmer,Derek,,Kilmer,1974-01-01,M,2013-01-03,2015-01-03,WA,6,Democrat,WA-6
Denny Heck,Denny,,Heck,1952-07-29,M,2013-01-03,2015-01-03,WA,10,Democrat,WA-10
Mark Pocan,Mark,,Pocan,1964-08-14,M,2013-01-03,2015-01-03,WI,2,Democrat,WI-2
Robin L. Kelly,Robin,,Kelly,1956-04-30,F,2013-04-09,2015-01-03,IL,2,Democrat,IL-2
Mark Sanford,Marshall,,Sanford,1960-05-28,M,2013-05-15,2015-01-03,SC,1,Republican,SC-1
Jason T. Smith,Jason,T.,Smith,1980-06-16,M,2013-06-04,2015-01-03,MO,8,Republican,MO-8
